Bundle ID,AppAdsURL
1031486293,https://psvgamestudio.com/app-ads.txt
1051334048,https://smgstudio.com/app-ads.txt
1057340661,https://charstudio.com/app-ads.txt
1097172005,https://superfree.com/app-ads.txt
1115911787,https://superfree.com/app-ads.txt
1174039276,https://multicraft.world/app-ads.txt
1177433971,https://maglab.com.tr/app-ads.txt
1200391796,https://wooga.com/app-ads.txt
1208267176,https://charstudio.com/app-ads.txt
1215668882,https://goodgamestudios.com/app-ads.txt
1222331362,https://kaminetsky.github.io/app-ads.txt
1267900294,https://moonfroglabs.com/app-ads.txt
1281861025,https://ozitechnology.com/app-ads.txt
1299956969,https://superfree.com/app-ads.txt
1318481037,https://superfree.com/app-ads.txt
1324486050,https://playhubstudio.com/app-ads.txt
1339938732,https://storm8.com/app-ads.txt
1369018192,https://megame-studio.com/app-ads.txt
1374403536,https://candywriter.com/app-ads.txt
1379080711,https://superfree.com/app-ads.txt
1385421494,https://paga.group/app-ads.txt
1415516694,https://madhook.io/app-ads.txt
1442571346,https://hoop.photo/app-ads.txt
1466332776,https://storm8.com/app-ads.txt
1471041594,https://hugly.app/app-ads.txt
1474221127,http://izymka.ru/app-ads.txt
1476429715,https://joyixir.com/app-ads.txt
1499322051,https://avegastudio.ru/app-ads.txt
1504667963,https://tutotoons.com/app-ads.txt
1508418993,https://superfree.com/app-ads.txt
1530383706,https://rud.mygamesonline.org/app-ads.txt
1532189895,https://psvgamestudio.com/app-ads.txt
1532851708,https://retrogaragegame.com/app-ads.txt
1532888049,https://psvgamestudio.com/app-ads.txt
1546976142,https://maglab.com.tr/app-ads.txt
1549559034,https://bubblekvas.com/app-ads.txt
1553882885,https://nucleargames.one/app-ads.txt
1559001294,https://playhubstudio.com/app-ads.txt
1560333783,https://buildingsformc.com/app-ads.txt
1562883907,https://purp.social/app-ads.txt
1564657118,https://momwillbeproud.com/app-ads.txt
1565361165,https://maglab.com.tr/app-ads.txt
1565866365,https://superfree.com/app-ads.txt
1566525334,https://psvgamestudio.com/app-ads.txt
1570315891,https://psvgamestudio.com/app-ads.txt
1574856548,https://psvgamestudio.com/app-ads.txt
1574888366,https://maglab.com.tr/app-ads.txt
1581074249,https://supercent.io/app-ads.txt
1581954505,https://ndkgames.com/app-ads.txt
1584775180,https://psvgamestudio.com/app-ads.txt
1589204819,https://psvgamestudio.com/app-ads.txt
1590102568,
1590412735,https://maglab.com.tr/app-ads.txt
1592653448,https://psvgamestudio.com/app-ads.txt
1597883321,https://irongamersstudio.com/app-ads.txt
1599116583,https://psvgamestudio.com/app-ads.txt
1607255631,https://supercent.io/app-ads.txt
1608019937,https://psvgamestudio.com/app-ads.txt
1608947937,https://maglab.com.tr/app-ads.txt
1611891807,https://cppgod17.github.io/app-ads.txt
1613980485,https://psvgamestudio.com/app-ads.txt
1614065922,https://psvgamestudio.com/app-ads.txt
1615068325,https://littlebit.games/app-ads.txt
1617062900,https://epicdrivestudio.com/app-ads.txt
1618746640,https://gamesfreakstudio.com/app-ads.txt
1618981273,https://crashtimegames.github.io/app-ads.txt
1620473280,https://supercent.io/app-ads.txt
1624886117,https://brew-games.com/app-ads.txt
1625043637,https://i12eca070.app-ads-txt.com/app-ads.txt
1629029821,
1633307858,https://superfree.com/app-ads.txt
1638325898,https://i12eca070.app-ads-txt.com/app-ads.txt
1638687733,https://tutotoons.com/app-ads.txt
1638909330,https://madhook.io/app-ads.txt
1639835263,https://i12eca070.app-ads-txt.com/app-ads.txt
1640670179,https://khadiev.games/app-ads.txt
1643163227,
1643880405,https://maglab.com.tr/app-ads.txt
1660186804,https://cas.ai/app-ads.txt
1666146982,https://supercent.io/app-ads.txt
1666851707,https://mcappsmarketing.carrd.co/app-ads.txt
1668713081,https://supercent.io/app-ads.txt
1669720539,https://epicdrivestudio.com/app-ads.txt
1670132766,https://psvgamestudio.com/app-ads.txt
471303390,https://kyms-app.com/app-ads.txt
485761300,https://superfree.com/app-ads.txt
557285579,https://appideas.it/app-ads.txt
605569663,https://amerigo-app.com/app-ads.txt
6443624260,https://goodgamestudios.com/app-ads.txt
6443678969,https://madhook.io/app-ads.txt
6443812056,https://supercent.io/app-ads.txt
6444166120,https://superfree.com/app-ads.txt
6444249896,https://supercent.io/app-ads.txt
6444359621,https://supercent.io/app-ads.txt
6444680001,https://tutotoons.com/app-ads.txt
6446140658,https://supercent.io/app-ads.txt
6446689621,https://mira.chat/app-ads.txt
6446996097,https://psvgamestudio.com/app-ads.txt
6447283379,https://supercent.io/app-ads.txt
6447353563,https://supercent.io/app-ads.txt
6448496802,https://supercent.io/app-ads.txt
6448794532,https://supercent.io/app-ads.txt
6449015348,https://jefe12aac.app-ads-txt.com/app-ads.txt
6449217368,https://rooftopgames.com.tr/app-ads.txt
6449243946,https://supercent.io/app-ads.txt
6450265618,https://irongamersstudio.com/app-ads.txt
6450266295,https://psvgamestudio.com/app-ads.txt
6450365243,https://irongamersstudio.com/app-ads.txt
6450409669,https://i12eca070.app-ads-txt.com/app-ads.txt
6450917563,https://supercent.io/app-ads.txt
6453889809,https://gamivisionllc.com/app-ads.txt
6459478478,https://supercent.io/app-ads.txt
6462401102,https://ycb8622c.app-ads-txt.com/app-ads.txt
6463131973,https://ycb8622c.app-ads-txt.com/app-ads.txt
6463611795,https://i12eca070.app-ads-txt.com/app-ads.txt
6466390929,https://psvgamestudio.com/app-ads.txt
6467385765,https://supercent.io/app-ads.txt
6467607199,https://noctua.gg/app-ads.txt
6470454873,https://psvgamestudio.com/app-ads.txt
6470483468,https://maglab.com.tr/app-ads.txt
6470970071,
6471470478,https://psvgamestudio.com/app-ads.txt
6472412918,https://supercent.io/app-ads.txt
6473776287,https://supercent.io/app-ads.txt
6473803179,https://supercent.io/app-ads.txt
6473889053,https://virtualdreamheroes.com/app-ads.txt
6474658210,https://supercent.io/app-ads.txt
6474685600,https://demus.app/app-ads.txt
6474838680,https://halfbyte.com.au/app-ads.txt
6475038906,https://supercent.io/app-ads.txt
6478589037,https://paga.group/app-ads.txt
6478598987,https://cas.ai/app-ads.txt
6478695874,https://meedlight.com/app-ads.txt
6478919347,https://redshift-games.co/app-ads.txt
6478958700,https://supercent.io/app-ads.txt
6478971501,https://aleksaleks.ru/app-ads.txt
6479434603,https://psvgamestudio.com/app-ads.txt
6479595396,https://khadiev.games/app-ads.txt
6479694095,https://zce9da9b5.app-ads-txt.com/app-ads.txt
6479777061,https://ue816455c.app-ads-txt.com/app-ads.txt
6479976120,https://md023d40f.app-ads-txt.com/app-ads.txt
6480098652,https://epicdrivestudio.com/app-ads.txt
6502385310,https://tinykraken.games/app-ads.txt
6502744841,https://epicdrivestudio.com/app-ads.txt
6502769800,https://happygigglesgames.com/app-ads.txt
6504986006,https://supercent.io/app-ads.txt
6532601126,https://rooftopgames.com.tr/app-ads.txt
6587570987,https://virtualvistastudio.com/app-ads.txt
6615081560,https://dreamsimulatorstudios.com/app-ads.txt
6630378520,
6636534055,https://supercent.io/app-ads.txt
6648786366,https://virtualdreamheroes.com/app-ads.txt
6651838644,https://thebennogames.com/app-ads.txt
6654888342,https://psvgamestudio.com/app-ads.txt
6670316463,https://epicdrivestudio.com/app-ads.txt
6670393024,https://terafort.com/app-ads.txt
6670529030,
6670798365,https://nolodingames.com/app-ads.txt
6673917629,
6711343544,https://ue816455c.app-ads-txt.com/app-ads.txt
6717583452,https://supercent.io/app-ads.txt
6736580540,https://psvgamestudio.com/app-ads.txt
6736681920,https://tinykraken.games/app-ads.txt
6736970594,https://zce9da9b5.app-ads-txt.com/app-ads.txt
6737193611,https://supercent.io/app-ads.txt
6737451718,https://supercent.io/app-ads.txt
6738048305,https://thepiggypanda.com/app-ads.txt
6738053663,https://cas.ai/app-ads.txt
6738096599,https://candywriter.com/app-ads.txt
6738272884,https://supercent.io/app-ads.txt
6738637660,https://thepiggypanda.com/app-ads.txt
6738697763,https://madhook.io/app-ads.txt
6739626375,https://psvgamestudio.com/app-ads.txt
6739696715,https://psvgamestudio.com/app-ads.txt
6739699047,https://ozitechnology.com/app-ads.txt
6739703175,https://euphoriagames.ru/app-ads.txt
6739726602,https://ozitechnology.com/app-ads.txt
6740618570,https://supercent.io/app-ads.txt
6740891338,https://playhubstudio.com/app-ads.txt
6740975095,https://thebennogames.com/app-ads.txt
6741413032,https://ozitechnology.com/app-ads.txt
6741928115,https://cas.ai/app-ads.txt
6742216032,https://supercent.io/app-ads.txt
6742362315,https://psvgamestudio.com/app-ads.txt
6743692967,https://tutotoons.com/app-ads.txt
6744723227,https://psvgamestudio.com/app-ads.txt
6744957869,https://supercent.io/app-ads.txt
6744967778,http://yumfiesta.com/app-ads.txt
6745817764,https://r5a2263dd.app-ads-txt.com/app-ads.txt
6746645962,https://psvgamestudio.com/app-ads.txt
6746647718,http://nutsgameventure.com/app-ads.txt
6747019708,https://supercent.io/app-ads.txt
6747665354,http://yumfiesta.com/app-ads.txt
889200846,https://moonfroglabs.com/app-ads.txt
910422638,https://ozitechnology.com/app-ads.txt
919042588,https://ozitechnology.com/app-ads.txt
921827126,https://usciscasetracker.com/app-ads.txt
937261650,https://charstudio.com/app-ads.txt
948561621,https://ozitechnology.com/app-ads.txt
ai.mira.videochat,https://mira.chat/app-ads.txt
air.com.smileygamer.christmassweeper2,https://charstudio.com/app-ads.txt
air.com.smileygamer.christmassweeper3,https://charstudio.com/app-ads.txt
air.com.smileygamer.eastersweeper,https://charstudio.com/app-ads.txt
app.artworkout.learn.how.to.draw,
ar.drawing.sketch.paint.trace.draw.picture.paper,https://ar-drawing.com/app-ads.txt
christian.bible,http://king-james-bible-study.com/app-ads.txt
com.Albus.AwesomePark,https://supercent.io/app-ads.txt
com.Albus.WaterParkBoys,https://supercent.io/app-ads.txt
com.AzonGroup.VladNiki,https://azon.games/app-ads.txt
com.BearBobStudio.Sandbox,https://psvgamestudio.com/app-ads.txt
com.BlackTemple.WormOut,https://psvgamestudio.com/app-ads.txt
com.CoolBears.TruckWars,https://psvgamestudio.com/app-ads.txt
com.CrashTime.BeamDriveCarCrash,https://crashtimegames.github.io/app-ads.txt
com.CrashTime.RealCarCrash,https://crashtimegames.github.io/app-ads.txt
com.DL.war.planes.inc.torpedo.bomber.fighter.aircraft.ww2,https://nucleargames.one/app-ads.txt
com.D_One_Games.SchoolboyEscape2,https://cas.ai/app-ads.txt
com.D_One_Games.SchoolboyPrisonEscape,https://cas.ai/app-ads.txt
com.EnotGame.GangstersShowdown,https://psvgamestudio.com/app-ads.txt
com.FailGames.DmgDrive,https://lkn-legion.github.io/app-ads.txt
com.FailGames.RealCarCrash,https://psvgamestudio.com/app-ads.txt
com.FailGames.RoyalCarDestroy,https://psvgamestudio.com/app-ads.txt
com.FailGames.RusCarsCrash,https://psvgamestudio.com/app-ads.txt
com.FidgetTrading3D.game,https://maglab.com.tr/app-ads.txt
com.GameCat.SchoolboyEscape,https://cas.ai/app-ads.txt
com.GamesEZ.CarMehanic3D,https://psvgamestudio.com/app-ads.txt
com.GamesEZ.CustomClubOnline,https://psvgamestudio.com/app-ads.txt
com.Khadiev.Sandbox.Games3D.Playground.Offline,https://khadiev.games/app-ads.txt
com.Khadiev.SirenHeadHorrorGame,https://khadiev.games/app-ads.txt
com.KhoGames.WarzoneCommander,https://psvgamestudio.com/app-ads.txt
com.LastCall.CarCrashArena,https://lkn-legion.github.io/app-ads.txt
com.LastCall.OperSueta,https://lkn-legion.github.io/app-ads.txt
com.MISHIKinc.CaucasusParking,https://cas.ai/app-ads.txt
com.MadnessGames.SimpleSandbox3,https://madnessgame.github.io/app-ads.txt
com.Metrafilms.KidECatsDollHouse,https://psvgamestudio.com/app-ads.txt
com.NGG.BlockTech,https://gamengg.online/app-ads.txt
com.NolodinGames.CatSimulator,https://nolodingames.com/app-ads.txt
com.Oasis.jewelryshop.market.simulator,http://nutsgameventure.com/app-ads.txt
com.PSVStudio.HippoMonstarTruck,https://psvgamestudio.com/app-ads.txt
com.Spider.Hero,https://psvgamestudio.com/app-ads.txt
com.TeacherLife.school.simulator,https://famousgoodgames.com/app-ads.txt
com.TenebryFox.DreamRoadMultiplayer,https://cas.ai/app-ads.txt
com.ToxicFamilyGames.FPVDroneOperator,https://cas.ai/app-ads.txt
com.Untitled.CarPhysics,https://madhook.io/app-ads.txt
com.WetBox.Kuzbass,https://cleveradssolutions.com/app-ads.txt
com.YOZHStudio.RailRoad,https://psvgamestudio.com/app-ads.txt
com.aadharemiloanpecalsi.quickaadharpeloancalsi,https://adhar66payemi.blogspot.com/app-ads.txt
com.action.web.fist,https://fightingarena.games/app-ads.txt
com.addons.mods.melon.playground.sandbox,https://boxsimulatorplay.com/app-ads.txt
com.ags.carforsale.simulator.jobcar.dealership.salersimulator.business.tycoon.games,https://crazyhookdeveloper.blogspot.com/app-ads.txt
com.ajpro.streamflixapp,https://streamflix.app/app-ads.txt
com.albus.newrollerdisco,https://supercent.io/app-ads.txt
com.amazegames.police.department,https://psvgamestudio.com/app-ads.txt
com.angelthedark.easydraw,https://angelthedarkapps.com/app-ads.txt
com.anvil.skirt,https://psvgamestudio.com/app-ads.txt
com.apes.gorilla.game,http://blackpyramid3dgames.com/app-ads.txt
com.ar.icecream.cake.maker.baking.girls.games,https://bingegamez.com/app-ads.txt
com.aredstudio.beachresort,https://supercent.io/app-ads.txt
com.astra.mega.ramp.car.stunts.hero.driving.games,http://gamesastra.com/app-ads.txt
com.avegagames.magic.craft.survival,https://avegagames.com/app-ads.txt
com.base.commander,https://supercent.io/app-ads.txt
com.bbg.car.wash.repair.garage.games,https://thehappytappy.com/app-ads.txt
com.bg.challenge.puzzle.minigames,https://thebennogames.com/app-ads.txt
com.bg.link.balls.connect.puzzle.game,https://thebennogames.com/app-ads.txt
com.bg.wedding.dressup.makeover,https://thebennogames.com/app-ads.txt
com.bike.driving.gangster.mafia,https://gendevprivacypolicy.blogspot.com/app-ads.txt
com.block.craft.world.sandbox.survival.simulator.crafting.building,https://meedlight.com/app-ads.txt
com.bmx.cycle.stunt.rider.racing.tracks.adventure.games,https://advance-gen.web.app/app-ads.txt
com.box.simulator.brawl.stars.gifts.loot,https://boxsimulator.com/app-ads.txt
com.brawl.stars.box.simulator.gifts.chests,https://boxsimulator.com/app-ads.txt
com.brewgames.minertycoonbigdynamite,https://brew-games.com/app-ads.txt
com.candywriter.bitlife,https://candywriter.com/app-ads.txt
com.car.dealer,https://supercent.io/app-ads.txt
com.cas.cross_stitch_puzzle,https://psvgamestudio.com/app-ads.txt
com.cashfinancecalsi.quickloanemicalc,https://cashloanemi67.blogspot.com/app-ads.txt
com.cashloancalculator.calculatorpro.cashcalculator,https://cashloanemiloancalculator134.blogspot.com/app-ads.txt
com.cats.hospital_injections,https://psvgamestudio.com/app-ads.txt
com.chippymediallc.word.nut.android,https://superfree.com/app-ads.txt
com.city.ball.run.rolling.ball.games,https://gamesarena-studio.web.app/app-ads.txt
com.corestudios.storemanagementidle,https://supercent.io/app-ads.txt
com.corestudiso.suzyrest,https://supercent.io/app-ads.txt
com.creditcardnfctool.nfctypecheck.freecreditcardreader,https://nfccreditcardreader09.blogspot.com/app-ads.txt
com.daily.bible.trivia.android,https://superfree.com/app-ads.txt
com.darkriddle.classic,https://paga.group/app-ads.txt
com.darkriddle2.storymode,https://paga.group/app-ads.txt
com.dazz.hoop,https://hoop.photo/app-ads.txt
com.dddev.Shift_Work_Calendar,https://4thfloorapps.com/app-ads.txt
com.deadpixel.colorblockjam,https://deadpixel-games.com/app-ads.txt
com.dino.moto.race.master,https://zegostudio.com/app-ads.txt
com.dino.runnergames.adventure.evolution,http://blackpyramid3dgames.com/app-ads.txt
com.dlitegames.terminalmaster,https://supercent.io/app-ads.txt
com.doubleagames.infinityobby,https://kidsgames.top/app-ads.txt
com.dream.bride.wedding.makoever,https://friedchickengames.com/app-ads.txt
com.dss.CamperVanLife,http://desertsafaristudio.com/app-ads.txt
com.dss.city.garbage.truck.simulator.truck.driving.game,http://desertsafaristudio.com/app-ads.txt
com.dss.city.train.driver.simulator2021.free.train.games,http://desertsafaristudio.com/app-ads.txt
com.dss.dino.universe.puzzle,http://desertsafaristudio.com/app-ads.txt
com.dss.hide.seek.puzzle.game,http://desertsafaristudio.com/app-ads.txt
com.dss.realtruck.simulator,http://desertsafaristudio.com/app-ads.txt
com.dss.spy.hero.simulator,http://desertsafaristudio.com/app-ads.txt
com.eg.deathpark2,https://euphoriagames.ru/app-ads.txt
com.eg.horror911.prey.escape,https://euphoriagames.ru/app-ads.txt
com.eg.horrortale,https://euphoriagames.ru/app-ads.txt
com.eg.horrortale2,https://euphoriagames.ru/app-ads.txt
com.eg.horrortale3,https://euphoriagames.ru/app-ads.txt
com.eg.mimicry.horror.online,https://euphoriagames.ru/app-ads.txt
com.eg.mist.horror.idle.rpg,https://euphoriagames.ru/app-ads.txt
com.electricfoal.buildingsformcpe,https://buildingsformc.com/app-ads.txt
com.elite.gun.shooting.fps,https://shahzadee.blogspot.com/app-ads.txt
com.envision.offroad.prado.driver.game,https://q30346ddc.app-ads-txt.com/app-ads.txt
com.epicdrive.bgt.cargames,https://epicdrivestudio.com/app-ads.txt
com.epicdrive.city.car.driving.simulator.i8,https://epicdrivestudio.com/app-ads.txt
com.epicdrive.f.rari.cargames,https://epicdrivestudio.com/app-ads.txt
com.epicdrive.real.police.car.driving.simulator.cargame,https://epicdrivestudio.com/app-ads.txt
com.epicdrive.ride.food.delivery.bike,https://epicdrivestudio.com/app-ads.txt
com.evasin.GoingBall,https://psvgamestudio.com/app-ads.txt
com.evertechsandbox,https://evertechsandbox.com/app-ads.txt
com.fancystudiomods.mobmods,https://fancystudiomods.github.io/app-ads.txt
com.fcg.annoying.monster.punching.games,https://friedchickengames.com/app-ads.txt
com.fcg.badmom.goodmom.rungames,https://friedchickengames.com/app-ads.txt
com.fcg.bakery.stack.maker.game,https://friedchickengames.com/app-ads.txt
com.fcg.bride.race.wedding.dressup.run,https://friedchickengames.com/app-ads.txt
com.fcg.buildadoll.dressup.runrace,https://friedchickengames.com/app-ads.txt
com.fcg.diy.cakemaker.cakegames.dessertgames,https://friedchickengames.com/app-ads.txt
com.fcg.dount.stack.maker,https://friedchickengames.com/app-ads.txt
com.fcg.famous.dressup.combine.fashion.games,https://friedchickengames.com/app-ads.txt
com.fcg.makeupgame.beauty.makeover.hairsalon,https://sweetmakershop.com/app-ads.txt
com.fcg.mergeandfight.mergemonster.battlearena,https://friedchickengames.com/app-ads.txt
com.fcg.shape.transform.shifting.games,https://friedchickengames.com/app-ads.txt
com.fcg.tricky.puzzle.mini.games,https://friedchickengames.com/app-ads.txt
com.fcg.wedding.princess.makeover.run,https://friedchickengames.com/app-ads.txt
com.ffgames.motoercycle.traffic.racer.bikegames.rider.motobikeracing3d,https://terafort.com/app-ads.txt
com.fgs.annoying.fool.punch.game,https://flickfunstudio.com/app-ads.txt
com.fgs.carcrashgames.cargames.caraccidentgames,https://flickfunstudio.com/app-ads.txt
com.fgs.escape.thief.run,https://flickfunstudio.com/app-ads.txt
com.fire.idle,https://psvgamestudio.com/app-ads.txt
com.fireshrike.h1,https://supercent.io/app-ads.txt
com.fireshrike.h2,https://supercent.io/app-ads.txt
com.flyingkite.sim.games,http://desertsafaristudio.com/app-ads.txt
com.fm.obby.parkour.prison.escape.game,https://cas.ai/app-ads.txt
com.fortune.phrases.android,https://superfree.com/app-ads.txt
com.fp.freestyle.stuntrunning,https://simzonegames.com/app-ads.txt
com.fp.helpmeplease.trickystories,https://brames.co/app-ads.txt
com.fun.frenzy.trivia.android,https://superfree.com/app-ads.txt
com.funreal.corporatetycoon,https://supercent.io/app-ads.txt
com.game.colorful.block.sort,https://rooftopgames.com.tr/app-ads.txt
com.game.fruitmerge,https://maglab.com.tr/app-ads.txt
com.game.thatsmyseat,https://rooftopgames.com.tr/app-ads.txt
com.game.whatdoyoumeme,https://maglab.com.tr/app-ads.txt
com.gamepark.cop.simulator.police.games,https://thegamepark.co/app-ads.txt
com.gamepark.tractor.simulator.farming.games,https://thegamepark.co/app-ads.txt
com.gamepark.vehicle.simulator.driving.games,https://thegamepark.co/app-ads.txt
com.games.ms.wonder.goal,https://minisports.games/app-ads.txt
com.gamesforkids.doodlecoloringgame.glowart,https://gunjanappstudios.com/app-ads.txt
com.gamesfreak.pet.shelter.simulator.animal.rescue,https://gamesfreakstudio.com/app-ads.txt
com.gamesfreak.single.mom.games.mother.life,https://gamesfreakstudio.com/app-ads.txt
com.gametov.carforsale,https://psvgamestudio.com/app-ads.txt
com.gast.lion.attack.simulator.animal.games,http://gamesastra.com/app-ads.txt
com.gast.wolf.attack.simulator.games,http://gamesastra.com/app-ads.txt
com.gf.anime.high.school.girl.life.simulator,https://gamesfreakstudio.com/app-ads.txt
com.gf.ball.run.mergnumber,https://flickfunstudio.com/app-ads.txt
com.gf.busdriving.publictransport.citypassenger.drivinggames,https://thegamepark.co/app-ads.txt
com.gf.changer.shape.shift.race.shape.shifting.transform.race.shapeshifting.shapechanger,https://flickfunstudio.com/app-ads.txt
com.gf.numbersmaster.run3d.number.challenge,https://flickfunstudio.com/app-ads.txt
com.gf.offroad.garbage.truck.driving.parking,https://thegamepark.co/app-ads.txt
com.gkstudio.flying.stickman.man.superhero.ropehero.transform,http://desertsafaristudio.com/app-ads.txt
com.globamusic.down,https://globamusic.com/app-ads.txt
com.goodgamestudios.bigfarmmobileharvest,https://goodgamestudios.com/app-ads.txt
com.goodgamestudios.bitlife.go.life.simulation,https://candywriter.com/app-ads.txt
com.goplaytoday.sniper3d,https://psvgamestudio.com/app-ads.txt
com.gp.angry.crocodile.simulator.attack.hunting.games,https://thegamepark.co/app-ads.txt
com.gp.numbermergerun,https://deadpixel-games.com/app-ads.txt
com.gp.offroad.hill.trainsimulator,https://thegamepark.co/app-ads.txt
com.gp.pilot.simulator.airplanegames,https://thegamepark.co/app-ads.txt
com.greenbuttongames.idlebutton,https://psvgamestudio.com/app-ads.txt
com.gss.gym.simulator,http://arcadiangameszone.com/app-ads.txt
com.gss.police.cop.simulator,http://arcadiangameszone.com/app-ads.txt
com.gsty.school.game,https://thegoodtoseeyou.com/app-ads.txt
com.gtsy.annoying.punch.game,https://thegoodtoseeyou.com/app-ads.txt
com.gtsy.asmrgames.makeupgames.dressupgames.makeover.beauty.asmrsimulator,https://thegoodtoseeyou.com/app-ads.txt
com.gtsy.ballrun2048.ballrun.countmasters.numbersrun.mergenumber.numberrush,https://thegoodtoseeyou.com/app-ads.txt
com.gtsy.capturing.heroes,https://thegoodtoseeyou.com/app-ads.txt
com.gtsy.colored.blocks,https://thegoodtoseeyou.com/app-ads.txt
com.gtsy.crazy.policegame.slapandsmash.officegame,https://thegoodtoseeyou.com/app-ads.txt
com.gtsy.draw.challenge,https://thegoodtoseeyou.com/app-ads.txt
com.gtsy.passengerexpress,https://thegoodtoseeyou.com/app-ads.txt
com.gv.gangster.crime.attack.world.city,https://roundsquaregames.com/app-ads.txt
com.hasbro.riskbigscreen,https://smgstudio.com/app-ads.txt
com.hb.anime.girl.life.high.school.simulator,https://halfbyte.com.au/app-ads.txt
com.hb.anime.pregnant.mother.simulator.life,https://halfbyte.com.au/app-ads.txt
com.hb.single.mom.simulator.billionaire.family.life,https://halfbyte.com.au/app-ads.txt
com.hb.virtual.pregnant.mother.sim.family,https://halfbyte.com.au/app-ads.txt
com.hb.wild.horse.simulator.game,https://halfbyte.com.au/app-ads.txt
com.hdvideoplayer.maxmediaplayer,https://xvideoplayerhd6.blogspot.com/app-ads.txt
com.hellastv.live,https://greekstore.github.io/app-ads.txt
com.hg.cup.cake.maker.bakery.shop.cooking.game,https://thefashionvalleystudio.com/app-ads.txt
com.hg.paperdeliveryboy,https://supercent.io/app-ads.txt
com.hgg.asmrmakeover.hairsalon.makeupgames,https://thebennogames.com/app-ads.txt
com.hgx.vehicle.master.car.games,https://flickfunstudio.com/app-ads.txt
com.hippo.CousinWedding,https://psvgamestudio.com/app-ads.txt
com.hippo_kids_games.girls_dress_up.newborn_baby_care,https://psvgamestudio.com/app-ads.txt
com.homedesign.restore.asmr.games,https://happygigglesgames.com/app-ads.txt
com.honanStudio.driveX,https://psvgamestudio.com/app-ads.txt
com.hubolabs.hubo,https://purp.social/app-ads.txt
com.hyperpixelgames.idlecruiseship,https://supercent.io/app-ads.txt
com.ilauncher.inoty.icenter.icontrol,https://phoneixmaster.blogspot.com/app-ads.txt
com.irritating.punching.game,https://shahzadee.blogspot.com/app-ads.txt
com.jamalmagomedov.FPVKamikazeDrone,https://cas.ai/app-ads.txt
com.jurassic.world.the.cursed.isle.dinosaurs.carnivores.dino.hunter.dinos.online.trex.tyrannosaurus.simulator,https://cppgod17.github.io/app-ads.txt
com.kidgame.supermarket,https://psvgamestudio.com/app-ads.txt
com.kkz.digging.hole.mining.games,https://thekokozone.com/app-ads.txt
com.kmmre.screenmirroring.screencasting,https://dicexstudio.com/app-ads.txt
com.lighthourgames.tilefoodies,https://lighthour.games/app-ads.txt
com.livegames.cardgames,https://livegameslab.com/app-ads.txt
com.lmr.lfm,https://lmr-loyalty-free-mus.flycricket.io/app-ads.txt
com.lunappstudio.orderofwords,https://cas.lunappstudio.com/app-ads.txt
com.madboxgames.drifter,https://madhook.io/app-ads.txt
com.masti.videochat,https://mastibastinew.blogspot.com/app-ads.txt
com.mega_play_games.ocean.raft.shark.craft.survival_games.crafting.building.last_day.survive.fishing.hungry,https://megame-studio.com/app-ads.txt
com.mindyourlogic.brain.test.logic.puzzle.detective.iq2,https://studios.mindyourlogic.com/app-ads.txt
com.mindyourlogic.brain.test.logic.puzzle.detective.iq3,https://studios.mindyourlogic.com/app-ads.txt
com.moonfrog.ludo.club,https://moonfroglabs.com/app-ads.txt
com.moonfroglabs.cardsClub,
com.morionstudio.hiddenobject,https://morionstudio.com/app-ads.txt
com.mpmusic.down,https://mpmusic.flycricket.co/app-ads.txt
com.multicraft.game,https://multicraft.world/app-ads.txt
com.mustafacaglar.spinnerfighterarena,https://psvgamestudio.com/app-ads.txt
com.my.cat.prank.simulator,https://tinykraken.games/app-ads.txt
com.neighbor.darkriddle2.mars,https://paga.games/app-ads.txt
com.neighbor.darkriddle3.strangehill,https://paga.group/app-ads.txt
com.neighbors.darkriddle,https://paga.group/app-ads.txt
com.newmoonproduction.sunshineisland,https://goodgamestudios.com/app-ads.txt
com.ngv.clash.of.apes,http://nutsgameventure.com/app-ads.txt
com.ngv.offroad.dirt.bike.racing.stunts,http://nutsgameventure.com/app-ads.txt
com.ngv.wildlife.wolfsimulator,http://nutsgameventure.com/app-ads.txt
com.noctualabs.android.hamstercheese,https://noctua.gg/app-ads.txt
com.offline.racing.motorcyclegame.motomax.bikerace.bike.games,https://terafort.com/app-ads.txt
com.openworld.indiandriving.bikes,https://roundsquaregames.com/app-ads.txt
com.osl.ragdollbreak,https://offlinesurvival.co/app-ads.txt
com.pas.city.firefighter.truck.simulator3d,http://vinegargames.com/app-ads.txt
com.pf.bmx.cycle.games.extreme.bicycle.games,https://theplayflix.com/app-ads.txt
com.pixelkraft.edgelightcolors,https://mymobilewallpapers.com/app-ads.txt
com.platinumplayer.word.addict,https://superfree.com/app-ads.txt
com.platonovdev.noob.miner,https://kidsgames.top/app-ads.txt
com.playcraft.badstudent,http://quicktaplabs.com/app-ads.txt
com.playcraft.pixelhole,http://blackpyramid3dgames.com/app-ads.txt
com.playcraft.whackstrike,http://blackpyramid3dgames.com/app-ads.txt
com.playhd.videoplayer.fastvideo,https://spnicard.blogspot.com/app-ads.txt
com.prineside.tdi2,https://infinitode.prineside.com/app-ads.txt
com.progressgames.gg,https://progress.games/app-ads.txt
com.protey.doors_challenge,https://proteygames.github.io/app-ads.txt
com.psv.hello_kitty.doctor_hospital,https://psvgamestudio.com/app-ads.txt
com.psv.hello_kitty.kids_beauty_salon,https://psvgamestudio.com/app-ads.txt
com.psv.like_nastya.event_agency,
com.psv.lol.surprise.beauty_salon,https://psvgamestudio.com/app-ads.txt
com.psv.lol.surprise.girls_club,https://psvgamestudio.com/app-ads.txt
com.psv.lol.surprise.kids_shopping_mall,https://psvgamestudio.com/app-ads.txt
com.psv.lol.surprise.kids_sticker_book,https://psvgamestudio.com/app-ads.txt
com.psv.lol.surprise.pet_center,https://psvgamestudio.com/app-ads.txt
com.psv.vlad_and_niki.birthday_party,https://psvgamestudio.com/app-ads.txt
com.psv.vlad_and_niki.car_service,https://psvgamestudio.com/app-ads.txt
com.psv.vlad_and_niki.piano,https://psvgamestudio.com/app-ads.txt
com.psv.vlad_and_niki.superheroes,https://psvgamestudio.com/app-ads.txt
com.psv.vlad_and_niki.town.my_world,https://psvgamestudio.com/app-ads.txt
com.psv.vlad_and_nikita.racing,https://psvgamestudio.com/app-ads.txt
com.psv.winx_club.color_by_number,https://psvgamestudio.com/app-ads.txt
com.psvn.traumatologist,https://psvgamestudio.com/app-ads.txt
com.pw.textanddrive,https://maglab.com.tr/app-ads.txt
com.qtl.brainzot.monster.transformer,http://quicktaplabs.com/app-ads.txt
com.quriousbit.codewords,https://quriousbit.com/app-ads.txt
com.quriousbit.jumbotileblast,https://quriousbit.com/app-ads.txt
com.quriousbit.screwpop,https://quriousbit.com/app-ads.txt
com.rainbowgames.solitaire2018,https://rainbow-games.com/app-ads.txt
com.redrocket.poker,https://uab23ecff.app-ads-txt.com/app-ads.txt
com.retro.garage,https://retrogaragegame.com/app-ads.txt
com.rps.dollhouse,https://gokidsmobile.com/app-ads.txt
com.rr.airplane.simulator.game,https://virtualdreamheroes.com/app-ads.txt
com.rr.drivingsimulatorgame,https://virtualdreamheroes.com/app-ads.txt
com.rsg.rolling.balls.jump.racing.ball.game,https://redshift-games.co/app-ads.txt
com.rsg.vehicle.master.driving.car.games,https://redshift-games.co/app-ads.txt
com.rud.twelvelocksvn,https://rud.mygamesonline.org/app-ads.txt
com.sa.ball.run,https://minisports.games/app-ads.txt
com.saldous.casetracker,https://usciscasetracker.com/app-ads.txt
com.scavenger.hunt.find,https://tinykraken.games/app-ads.txt
com.scavenger.hunt.word.findout,https://tinykraken.games/app-ads.txt
com.sh.coloring.page.asmr.drawing,https://stick-hunter.com/app-ads.txt
com.sh.fidget.toys.mini.relaxing.antistress.games,https://stick-hunter.com/app-ads.txt
com.sh.mini.antistress.relaxing.games,https://stick-hunter.com/app-ads.txt
com.sh.mini.kitchen.set.fever.restaurants.chef.cooking.games,https://stick-hunter.com/app-ads.txt
com.sh.mini.relax.antistress.games,https://stick-hunter.com/app-ads.txt
com.sh.satisflow.tidy.ocdgames,https://stick-hunter.com/app-ads.txt
com.sh.stickman.thief.puzzle.games,https://stick-hunter.com/app-ads.txt
com.sh.tricky.relax.ticktock.mini.challenges.puzzle.games,https://stick-hunter.com/app-ads.txt
com.sh.triple.match.master.tile.games,https://stick-hunter.com/app-ads.txt
com.sh.twoplayergame.mini.challenge,https://stick-hunter.com/app-ads.txt
com.sha.opencity.attack.gang,https://shahzadee.blogspot.com/app-ads.txt
com.shooting.gun.attack,https://routegamesltd.blogspot.com/app-ads.txt
com.simulator_game.real_car_crash,https://psvgamestudio.com/app-ads.txt
com.smash.cricket.real.cricket.game,https://cas.ai/app-ads.txt
com.smoothvideoplayer.hdvideoplayerpro,https://hdvideoplayerallformat10.blogspot.com/app-ads.txt
com.snake.attack.shoot,https://psvgamestudio.com/app-ads.txt
com.soundryt.music,
com.spellbindgames.coastguardops,https://supercent.io/app-ads.txt
com.spellbindgames.flamehunt,
com.spellbindgames.wildhunt,https://supercent.io/app-ads.txt
com.spiderevolution.adventure.runner,http://blackpyramid3dgames.com/app-ads.txt
com.spill.math.puzzle.games.crossmath.number.free,https://spill.games/app-ads.txt
com.spill.sticker.color.book,https://spill.games/app-ads.txt
com.ssg.superhero.gtcar.stunt.races,https://virtualdreamheroes.com/app-ads.txt
com.stardust.tarotscope,https://psvgamestudio.com/app-ads.txt
com.stick.hero.spider.rope.superhero.game,http://mobilegameshive.com/app-ads.txt
com.stickman.killer.backflip,https://bazagames.com/app-ads.txt
com.storm8.propertybrothers,https://storm8.com/app-ads.txt
com.streamerrush.game,https://maglab.com.tr/app-ads.txt
com.streets.fire.grand.gangster.city,https://avegagames.com/app-ads.txt
com.stresstap.ease.asmr,https://thepiggypanda.com/app-ads.txt
com.strict.mkenin.agf.cardgames2,https://strictgames.com/app-ads.txt
com.studionum43.drift_hunters_car_tuning,https://kaminetsky.github.io/app-ads.txt
com.supercrypto.cryptocyrrency,https://coinsdata.io/app-ads.txt
com.superhero.offroad.bike.taxi.sim,https://gamelauncher.net/app-ads.txt
com.superluckycasino.epicjackpot.slots.vegas.android.free,https://superfree.com/app-ads.txt
com.superluckycasino.hotvegas.slots.vegas.android.free,https://superfree.com/app-ads.txt
com.superluckycasino.megadiamond.slots.vegas.android.free,https://superfree.com/app-ads.txt
com.superluckycasino.viponly.slots.vegas.android.free,https://superfree.com/app-ads.txt
com.swordjelly.ninja,https://psvgamestudio.com/app-ads.txt
com.tas.westernsurvival.shooterwar,https://teamasstudio.com/app-ads.txt
com.tbs.runnergame.insectsevolution,https://trendybuypvt.space/app-ads.txt
com.teatime.LovelyDoll,https://supercent.io/app-ads.txt
com.teenpatti.hd.gold,https://moonfroglabs.com/app-ads.txt
com.teenpatti.hd.gold.rummy,https://moonfroglabs.com/app-ads.txt
com.tikloading.videodownloaderfor.tiktoknowatermark,https://tikloading.com/app-ads.txt
com.tinykrakengames.arcade.center.sim,https://tinykraken.games/app-ads.txt
com.tinykrakengames.cat.hide.seek,https://tinykraken.games/app-ads.txt
com.tinykrakengames.hill.masters,https://tinykraken.games/app-ads.txt
com.tkv.monster.truck.stunts.racing.games2024,http://desertsafaristudio.com/app-ads.txt
com.tkv.motocross.dirt.bike.racing.games2024,http://gamesastra.com/app-ads.txt
com.trivia.star.android,https://superfree.com/app-ads.txt
com.tt.car.wash,https://taptoy.io/app-ads.txt
com.tt.flying.car.driving.ultimate.cars,https://virtualdreamheroes.com/app-ads.txt
com.tutotoons.app.floofmypethouse,https://tutotoons.com/app-ads.txt
com.tutotoons.app.fluvsies.free,https://tutotoons.com/app-ads.txt
com.tutotoons.app.fluvsiesmergeparty,https://tutotoons.com/app-ads.txt
com.tutotoons.app.mybabyunicorn.free,https://tutotoons.com/app-ads.txt
com.tutotoons.app.sweetbabygirlcleanup5.free,https://tutotoons.com/app-ads.txt
com.tutotoons.app.tutoflips,https://tutotoons.com/app-ads.txt
com.twelvegigs.heaven.bingo,https://superfree.com/app-ads.txt
com.twgs.farm.horse.cart.transport,http://vinegargames.com/app-ads.txt
com.ulab.treasurehunter,https://treasure-hunter.ulab.games/app-ads.txt
com.unrealgames.RacinginCar2020,https://psvgamestudio.com/app-ads.txt
com.vdh.runaway.boy.stealth.challenge,https://virtualdreamheroes.com/app-ads.txt
com.vehicle.infomation.rto.app,https://goldenstormsyatem.blogspot.com/app-ads.txt
com.ves.highschoolsimulator.highschool2.anime.lovestory.sakura.girlsgames,https://virtualentertainmentstudio.com/app-ads.txt
com.ves.virtual.pregnant.mothersimulator3d,https://virtualentertainmentstudio.com/app-ads.txt
com.videodownloaderx.privatebrowser,https://xvideodownloaderhdplayer07.blogspot.com/app-ads.txt
com.vinegargames.virtual.thief.simulator.game,http://arcadiangameszone.com/app-ads.txt
com.vipgames.twentynine,https://evonixventures.com/app-ads.txt
com.virtual.highschool.lifeofgirl.simulator,https://virtualentertainmentstudio.com/app-ads.txt
com.virtual.themother,https://virtualentertainmentstudio.com/app-ads.txt
com.vjgames.roulettehorrorshotgunduel,https://psvgamestudio.com/app-ads.txt
com.vng.FlyingRobotGame.CrimeCityBattle.SuperheroIronRobot,http://desertsafaristudio.com/app-ads.txt
com.vng.spa.salon.simulator,http://vinegargames.com/app-ads.txt
com.vpn.secure.proxy.guard,https://bondigame.com/app-ads.txt
com.vs.machopr,https://maglab.com.tr/app-ads.txt
com.was.city.garbage.truck.simulator2016,http://vinegargames.com/app-ads.txt
com.was.coach.bus.driving.school3d,http://vinegargames.com/app-ads.txt
com.was.extreme.big.truck.driving.school,http://vinegargames.com/app-ads.txt
com.was.real.euro.truck.driving.simulator2019,http://acexgames.com/app-ads.txt
com.wedding.run,https://maglab.com.tr/app-ads.txt
com.xoomify.app,https://piksoai.blogspot.com/app-ads.txt
com.yf.tung.horror.game,http://quicktaplabs.com/app-ads.txt
com.yobzh.tarot,https://tarot.yobzh.com/app-ads.txt
com.zealandteam.russian.village.simulator,https://cleveradssolutions.com/app-ads.txt
com.zmgp.tractor.pulling.simulator.offroad.towing.tractors.duty,https://amgamestudio.com/app-ads.txt
cricketgames.cricket.games.real.stick.league.world.hitwicket.free.offline,http://playcricketgames.com/app-ads.txt
cyber.sandbox.rgame,https://psvgamestudio.com/app-ads.txt
dasi.prs2.lumberchopper,https://supercent.io/app-ads.txt
doubleagames.sproonky.bodycolorswap,https://kidsgames.top/app-ads.txt
english.tagalog.bible,http://king-james-bible-study.com/app-ads.txt
funcore.bricker.construction_set.puzzle,https://psvgamestudio.com/app-ads.txt
get.lokal.localnews,https://getlokalapp.com/app-ads.txt
hidden.objects.island.game,https://kogda.pro/app-ads.txt
home.asmr.makeover.washscapes,https://thepiggypanda.com/app-ads.txt
in.loop.hdmakeover,https://storm8.com/app-ads.txt
io.madhook.ameradventures,https://madhook.io/app-ads.txt
io.superbrick.masterhospital,https://supercent.io/app-ads.txt
io.superbrick.minimartmaster,https://supercent.io/app-ads.txt
io.supercent.ageofdinosaurs,https://supercent.io/app-ads.txt
io.supercent.bigslimemanyslime,https://supercent.io/app-ads.txt
io.supercent.burgeridle,https://supercent.io/app-ads.txt
io.supercent.burgersimulator,https://supercent.io/app-ads.txt
io.supercent.caketopia,https://supercent.io/app-ads.txt
io.supercent.coffeebreak,https://supercent.io/app-ads.txt
io.supercent.cookiefactory,https://supercent.io/app-ads.txt
io.supercent.donutsidle,https://supercent.io/app-ads.txt
io.supercent.downhill,https://supercent.io/app-ads.txt
io.supercent.hitrun,https://supercent.io/app-ads.txt
io.supercent.janeasmr,https://supercent.io/app-ads.txt
io.supercent.kdrawing,https://supercent.io/app-ads.txt
io.supercent.linkedcubic,https://supercent.io/app-ads.txt
io.supercent.mosquito,https://supercent.io/app-ads.txt
io.supercent.pizzaidle,https://supercent.io/app-ads.txt
io.supercent.pizzasimulator,https://supercent.io/app-ads.txt
io.supercent.plinko,https://supercent.io/app-ads.txt
io.supercent.prison,https://supercent.io/app-ads.txt
io.supercent.sharkuniverse2,https://supercent.io/app-ads.txt
io.supercent.weaponrpg,https://supercent.io/app-ads.txt
it.ideasolutions.amerigo,https://ideasolutions.it/app-ads.txt
kjv.bible.with.apocrypha,http://king-james-bible-study.com/app-ads.txt
makeover.car.asmr,https://thepiggypanda.com/app-ads.txt
me.apptivise.vladnikita,https://mobinautica.com/app-ads.txt
melon.smash,https://kidsgames.top/app-ads.txt
net.argongames.minitd2,https://argongames.net/app-ads.txt
net.wooga.junes_journey_hidden_object_mystery_game,https://wooga.com/app-ads.txt
nextbot.backrooms.shooter,https://cleveradssolutions.com/app-ads.txt
nextbot.backrooms.shooter.two,https://psvgamestudio.com/app-ads.txt
obby.mini.games,https://kidsgames.top/app-ads.txt
org.smapps.sort,https://sort.smapps.org/app-ads.txt
ru.projectfirst.leo.build1,https://lazyshrimp.app/app-ads.txt
ru.projectfirst.leo.cars2,https://lazyshrimp.app/app-ads.txt
ru.subprogram.guitarsongs,https://ru.guitarsongs.club/app-ads.txt
ru.subprogram.guitarsongs.vint,https://en.guitarsongs.club/app-ads.txt
tepteev.ihar.biblia_takatifu.AOURLCUBZSMVVVVE,http://king-james-bible-study.com/app-ads.txt
top.setapp.playground3d,https://psvgamestudio.com/app-ads.txt
tser.omolgame.free,https://kidsgames.top/app-ads.txt
videoplayer.musicplayer.audio.allvideoplayer.video.music,https://ignitertvplayer.blogspot.com/app-ads.txt